,AB009938_Staphylococcus_delphini,AJ780976_Staphylococcus_pseudintermedius,CAIB01000045_Staphylococcus_intermedius,FXUZ01000000_Staphylococcus_cornubiensis,KY019172_Staphylococcus_ursi,X84731_Staphylococcus_lutrae,HM484980_Staphylococcus_agnetis,CP008747_Staphylococcus_hyicus,D83360_Staphylococcus_chromogenes,S83568_Staphylococcus_schleiferi_subsp._schleiferi,AB009945_Staphylococcus_coagulans,D83364_Staphylococcus_felis,MT442037_Staphylococcus_canis,EU888120_Staphylococcus_microti,FM242137_Staphylococcus_rostri,FR733703_Staphylococcus_muscae,D83358_Staphylococcus_auricularis,AB233329_Staphylococcus_carnosus_subsp._utilis,EU727181_Staphylococcus_carnosus_subsp._carnosus,Y15750_Staphylococcus_condimenti,Y15754_Staphylococcus_piscifermentans,MK121623_Staphylococcus_debuckii,D83373_Staphylococcus_simulans,EU707796_Staphylococcus_massiliensis,KY315825_Staphylococcus_edaphicus,AP008934_Staphylococcus_saprophyticus_subsp._saprophyticus,MH643903_Staphylococcus_pseudoxylosus,AB233327_Staphylococcus_saprophyticus_subsp._bovis,MH431939_Staphylococcus_caeli,D83374_Staphylococcus_xylosus,AF004220_Staphylococcus_succinus_subsp._succinus,AJ320272_Staphylococcus_casei,AF527483_Staphylococcus_equorum_subsp._linens,AB009939_Staphylococcus_equorum_subsp._equorum,AJ517414_Staphylococcus_nepalensis,AB009933_Staphylococcus_arlettae,D83361_Staphylococcus_cohnii_subsp._cohnii,AB009936_Staphylococcus_urealyticus,CP027846_Staphylococcus_kloosii,MW186933_Staphylococcus_lloydii,MW186934_Staphylococcus_durrellii,D83366_Staphylococcus_gallinarum,KP716705_Staphylococcus_argensis_{outgroup},AF322002_Staphylococcus_pettenkoferi,FR821777_Staphylococcus_argenteus,L36472_Staphylococcus_aureus_subsp._aureus,AY727530_Staphylococcus_simiae,D83355_Staphylococcus_aureus_subsp._anaerobius,MF678963_Staphylococcus_schweitzeri,OD916897_Staphylococcus_roterodami,AB009937_Staphylococcus_capitis_subsp._urealyticus,L37599_Staphylococcus_capitis_subsp._capitis,D83363_Staphylococcus_epidermidis,AB646616_Staphylococcus_saccharolyticus,AB009935_Staphylococcus_caprae,AB009944_Staphylococcus_pasteuri,L37603_Staphylococcus_warneri,FJ389206_Staphylococcus_devriesei,MT671558_Staphylococcus_caledonicus,AB009941_Staphylococcus_lugdunensis,JN092118_Staphylococcus_petrasii_subsp._jettensis,JX139845_Staphylococcus_petrasii_subsp._petrasii,KM873669_Staphylococcus_pragensis,AY953148_Staphylococcus_croceilyticus,X66100_Staphylococcus_haemolyticus,MT586030_Staphylococcus_borealis,AB233326_Staphylococcus_hominis_subsp._novobiosepticus,X66101_Staphylococcus_hominis_subsp._hominis
AB009938_Staphylococcus_delphini,,,,,,,,,,,,,,,,,,,,,,,,,,,,,,,,,,,,,,,,,,,,,,,,,,,,,,,,,,,,,,,,,,,,
AJ780976_Staphylococcus_pseudintermedius,0.0053911802,,,,,,,,,,,,,,,,,,,,,,,,,,,,,,,,,,,,,,,,,,,,,,,,,,,,,,,,,,,,,,,,,,,
CAIB01000045_Staphylococcus_intermedius,0.0040355188,0.0033204728,,,,,,,,,,,,,,,,,,,,,,,,,,,,,,,,,,,,,,,,,,,,,,,,,,,,,,,,,,,,,,,,,,
FXUZ01000000_Staphylococcus_cornubiensis,0.0035667964,0.0042280568,0.0013862057,,,,,,,,,,,,,,,,,,,,,,,,,,,,,,,,,,,,,,,,,,,,,,,,,,,,,,,,,,,,,,,,,
KY019172_Staphylococcus_ursi,0.0074185043,0.0066587102,0.0032725575,0.0027492467,,,,,,,,,,,,,,,,,,,,,,,,,,,,,,,,,,,,,,,,,,,,,,,,,,,,,,,,,,,,,,,,
X84731_Staphylococcus_lutrae,0.0137511610,0.0121966677,0.0100147775,0.0111933539,0.0120383808,,,,,,,,,,,,,,,,,,,,,,,,,,,,,,,,,,,,,,,,,,,,,,,,,,,,,,,,,,,,,,,
HM484980_Staphylococcus_agnetis,0.0122008824,0.0107558406,0.0114788736,0.0080966563,0.0107542754,0.0151035716,,,,,,,,,,,,,,,,,,,,,,,,,,,,,,,,,,,,,,,,,,,,,,,,,,,,,,,,,,,,,,
CP008747_Staphylococcus_hyicus,0.0121818363,0.0127185380,0.0092108082,0.0075925881,0.0084312629,0.0133800253,0.0028474908,,,,,,,,,,,,,,,,,,,,,,,,,,,,,,,,,,,,,,,,,,,,,,,,,,,,,,,,,,,,,
D83360_Staphylococcus_chromogenes,0.0123298959,0.0130066913,0.0123177211,0.0092987949,0.0116260141,0.0158190570,0.0078614809,0.0102523412,,,,,,,,,,,,,,,,,,,,,,,,,,,,,,,,,,,,,,,,,,,,,,,,,,,,,,,,,,,,
S83568_Staphylococcus_schleiferi_subsp._schleiferi,0.0095883215,0.0094674322,0.0079946657,0.0048240095,0.0079186729,0.0147471202,0.0107558406,0.0119011698,0.0123346014,,,,,,,,,,,,,,,,,,,,,,,,,,,,,,,,,,,,,,,,,,,,,,,,,,,,,,,,,,,
AB009945_Staphylococcus_coagulans,0.0081096852,0.0081151691,0.0067494313,0.0042889070,0.0081050407,0.0151518369,0.0107623902,0.0121900856,0.0123333270,0.0040933296,,,,,,,,,,,,,,,,,,,,,,,,,,,,,,,,,,,,,,,,,,,,,,,,,,,,,,,,,,
D83364_Staphylococcus_felis,0.0158059770,0.0150941451,0.0144028792,0.0114644819,0.0150899373,0.0144479568,0.0129117945,0.0143988663,0.0143797422,0.0144206492,0.0144191620,,,,,,,,,,,,,,,,,,,,,,,,,,,,,,,,,,,,,,,,,,,,,,,,,,,,,,,,,
MT442037_Staphylococcus_canis,0.0082276779,0.0089236247,0.0071717195,0.0055117106,0.0078764452,0.0120289437,0.0084963900,0.0094583888,0.0073892673,0.0078777036,0.0074056559,0.0032766455,,,,,,,,,,,,,,,,,,,,,,,,,,,,,,,,,,,,,,,,,,,,,,,,,,,,,,,,
EU888120_Staphylococcus_microti,0.0200269854,0.0192648950,0.0171774296,0.0129030252,0.0178659604,0.0193094004,0.0195044399,0.0185649794,0.0165110847,0.0171892396,0.0172348673,0.0186194878,0.0131847451,,,,,,,,,,,,,,,,,,,,,,,,,,,,,,,,,,,,,,,,,,,,,,,,,,,,,,,
FM242137_Staphylococcus_rostri,0.0194461621,0.0180024455,0.0165253407,0.0114172640,0.0172452849,0.0212181640,0.0163504168,0.0165205145,0.0167236202,0.0160212418,0.0165354433,0.0204263711,0.0141526632,0.0035954001,,,,,,,,,,,,,,,,,,,,,,,,,,,,,,,,,,,,,,,,,,,,,,,,,,,,,,
FR733703_Staphylococcus_muscae,0.0191417304,0.0189007924,0.0172910441,0.0131917664,0.0178270629,0.0188670412,0.0173100016,0.0171608708,0.0171910057,0.0159880368,0.0163791876,0.0193000525,0.0111043283,0.0061176018,0.0049893945,,,,,,,,,,,,,,,,,,,,,,,,,,,,,,,,,,,,,,,,,,,,,,,,,,,,,
D83358_Staphylococcus_auricularis,0.0227555749,0.0206140656,0.0199197814,0.0209054766,0.0206140656,0.0242040977,0.0231344238,0.0227532557,0.0227398953,0.0241830264,0.0227759448,0.0248632460,0.0198802425,0.0263282829,0.0256007184,0.0270084039,,,,,,,,,,,,,,,,,,,,,,,,,,,,,,,,,,,,,,,,,,,,,,,,,,,,
AB233329_Staphylococcus_carnosus_subsp._utilis,0.0316680620,0.0302339920,0.0309529334,0.0277956585,0.0302509210,0.0324721041,0.0290597667,0.0309723838,0.0317003301,0.0317062049,0.0317476931,0.0324558381,0.0226595490,0.0332386353,0.0288122720,0.0296348429,0.0245183722,,,,,,,,,,,,,,,,,,,,,,,,,,,,,,,,,,,,,,,,,,,,,,,,,,,
EU727181_Staphylococcus_carnosus_subsp._carnosus,0.0273446704,0.0277199323,0.0255426787,0.0242154388,0.0248716637,0.0273447866,0.0268330254,0.0255579811,0.0283797232,0.0279972226,0.0280903216,0.0284133060,0.0203674910,0.0305418052,0.0275070658,0.0264070260,0.0199492010,0.0041387957,,,,,,,,,,,,,,,,,,,,,,,,,,,,,,,,,,,,,,,,,,,,,,,,,,
Y15750_Staphylococcus_condimenti,0.0273821064,0.0277574640,0.0253045637,0.0237254339,0.0257665655,0.0270672384,0.0268330254,0.0251021568,0.0283797232,0.0281330407,0.0288252872,0.0284133060,0.0207019300,0.0298368200,0.0260611922,0.0252928135,0.0199492010,0.0048310110,0.0019839887,,,,,,,,,,,,,,,,,,,,,,,,,,,,,,,,,,,,,,,,,,,,,,,,,
Y15754_Staphylococcus_piscifermentans,0.0280987696,0.0284666458,0.0259993831,0.0237444464,0.0264564296,0.0270882546,0.0253844324,0.0251211923,0.0276994849,0.0267951668,0.0274545268,0.0277322692,0.0207349474,0.0284509953,0.0246151241,0.0239631973,0.0206608560,0.0048398430,0.0033147328,0.0019500026,,,,,,,,,,,,,,,,,,,,,,,,,,,,,,,,,,,,,,,,,,,,,,,,
MK121623_Staphylococcus_debuckii,0.0287324544,0.0290927033,0.0266194728,0.0245177243,0.0258177346,0.0277537575,0.0260979004,0.0258228371,0.0276775137,0.0268645086,0.0273953652,0.0284133060,0.0199769117,0.0291323467,0.0267730418,0.0246350171,0.0213403571,0.0048310110,0.0033045597,0.0026045333,0.0019563603,,,,,,,,,,,,,,,,,,,,,,,,,,,,,,,,,,,,,,,,,,,,,,,
D83373_Staphylococcus_simulans,0.0326849717,0.0362347396,0.0355249509,0.0335645282,0.0362496738,0.0363732044,0.0343475433,0.0348373686,0.0312907579,0.0356119571,0.0356332540,0.0377390476,0.0258614523,0.0299795889,0.0301899760,0.0306709950,0.0326664179,0.0252291397,0.0234317517,0.0213381798,0.0206830007,0.0199471617,,,,,,,,,,,,,,,,,,,,,,,,,,,,,,,,,,,,,,,,,,,,,,
EU707796_Staphylococcus_massiliensis,0.0313514809,0.0311777151,0.0297868682,0.0274502406,0.0290753947,0.0290541160,0.0260883982,0.0269616723,0.0298664221,0.0297868682,0.0299498126,0.0277657351,0.0240035927,0.0320377877,0.0317111553,0.0305500284,0.0277861316,0.0267403426,0.0262770284,0.0248760161,0.0234956455,0.0241762691,0.0335854383,,,,,,,,,,,,,,,,,,,,,,,,,,,,,,,,,,,,,,,,,,,,,
KY315825_Staphylococcus_edaphicus,0.0273971541,0.0319506837,0.0287361041,0.0288837602,0.0292776794,0.0347410234,0.0321238988,0.0279329652,0.0313049186,0.0324358938,0.0316707526,0.0341732352,0.0240803644,0.0306247571,0.0327984679,0.0280974644,0.0256502110,0.0375670304,0.0318208930,0.0306718798,0.0327689532,0.0319851397,0.0327464816,0.0334497884,,,,,,,,,,,,,,,,,,,,,,,,,,,,,,,,,,,,,,,,,,,,
AP008934_Staphylococcus_saprophyticus_subsp._saprophyticus,0.0273971541,0.0319506837,0.0287361041,0.0287823791,0.0290074621,0.0347410234,0.0321238988,0.0276752844,0.0313049186,0.0322831867,0.0316707526,0.0341732352,0.0239458245,0.0306247571,0.0327984679,0.0280411864,0.0256502110,0.0375670304,0.0318208930,0.0305699636,0.0326597465,0.0319851397,0.0327464816,0.0334497884,0.0000000000,,,,,,,,,,,,,,,,,,,,,,,,,,,,,,,,,,,,,,,,,,,
MH643903_Staphylococcus_pseudoxylosus,0.0267026441,0.0309221060,0.0287888110,0.0291119200,0.0294042015,0.0349276891,0.0313817896,0.0280222210,0.0305980960,0.0327670842,0.0309710739,0.0334635831,0.0241595439,0.0313978093,0.0335401605,0.0296905697,0.0249478950,0.0368445265,0.0316033635,0.0309433688,0.0331070558,0.0322974939,0.0327464816,0.0328783730,0.0006691855,0.0006669541,,,,,,,,,,,,,,,,,,,,,,,,,,,,,,,,,,,,,,,,,,
AB233327_Staphylococcus_saprophyticus_subsp._bovis,0.0281887329,0.0310954478,0.0310954478,0.0301585025,0.0318364561,0.0369417052,0.0321473695,0.0304054164,0.0325757187,0.0347403956,0.0333318184,0.0354990083,0.0252987198,0.0319292582,0.0334817846,0.0304874538,0.0268152109,0.0376470859,0.0340030637,0.0332774901,0.0355129470,0.0347193330,0.0340452528,0.0348108762,0.0006889370,0.0006889370,0.0013783701,,,,,,,,,,,,,,,,,,,,,,,,,,,,,,,,,,,,,,,,,
MH431939_Staphylococcus_caeli,0.0260201948,0.0305828061,0.0273922487,0.0273707100,0.0270488971,0.0333695844,0.0306547929,0.0263852442,0.0299053049,0.0295699426,0.0288540756,0.0341985115,0.0231787131,0.0306386267,0.0328140356,0.0280533566,0.0256617602,0.0368615520,0.0311465171,0.0305831819,0.0326739210,0.0313214225,0.0320525632,0.0320471500,0.0026012291,0.0025810888,0.0020036595,0.0034521497,,,,,,,,,,,,,,,,,,,,,,,,,,,,,,,,,,,,,,,,
D83374_Staphylococcus_xylosus,0.0270480117,0.0305768327,0.0291615957,0.0291256987,0.0291818571,0.0349435900,0.0313966964,0.0284826084,0.0306119410,0.0327522220,0.0313453609,0.0334787788,0.0233123315,0.0328416005,0.0347437811,0.0313990974,0.0263723697,0.0354123374,0.0305949992,0.0320135708,0.0334917010,0.0327214590,0.0341901886,0.0328933508,0.0027145563,0.0027145563,0.0020351957,0.0034526326,0.0027133707,,,,,,,,,,,,,,,,,,,,,,,,,,,,,,,,,,,,,,,
AF004220_Staphylococcus_succinus_subsp._succinus,0.0266559249,0.0312053747,0.0280100756,0.0273244188,0.0277509830,0.0339882663,0.0305785126,0.0270862307,0.0284220886,0.0302076959,0.0294866234,0.0326913552,0.0223538744,0.0341304909,0.0334825038,0.0286737477,0.0235031723,0.0310141509,0.0269567501,0.0278402630,0.0292376413,0.0285508846,0.0355470967,0.0277323966,0.0091616766,0.0091199029,0.0087504914,0.0104257942,0.0091160707,0.0068145189,,,,,,,,,,,,,,,,,,,,,,,,,,,,,,,,,,,,,,
AJ320272_Staphylococcus_casei,0.0282985111,0.0321426314,0.0296254373,0.0287307126,0.0293487970,0.0353779068,0.0320638619,0.0286775025,0.0298344081,0.0315132581,0.0311626240,0.0341121791,0.0231102881,0.0355546077,0.0345339776,0.0301937062,0.0249072534,0.0324525177,0.0285790564,0.0293851367,0.0307968717,0.0301642500,0.0369733792,0.0291443142,0.0105690339,0.0105203916,0.0102153195,0.0118261716,0.0105297675,0.0081843869,0.0013066548,,,,,,,,,,,,,,,,,,,,,,,,,,,,,,,,,,,,,
AF527483_Staphylococcus_equorum_subsp._linens,0.0288452377,0.0312278026,0.0294383794,0.0304495333,0.0307652914,0.0347256156,0.0336408861,0.0308067016,0.0313235420,0.0332302435,0.0331084120,0.0327739794,0.0209150090,0.0385079865,0.0388540693,0.0330133889,0.0284598014,0.0375496762,0.0325360044,0.0321609591,0.0342726924,0.0327985448,0.0363058610,0.0320517088,0.0118533758,0.0118533758,0.0115014006,0.0125299303,0.0105246053,0.0102471205,0.0105203916,0.0112658916,,,,,,,,,,,,,,,,,,,,,,,,,,,,,,,,,,,,
AB009939_Staphylococcus_equorum_subsp._equorum,0.0288085574,0.0323274665,0.0301886293,0.0321250200,0.0316141072,0.0363602874,0.0343854082,0.0316578549,0.0320536320,0.0349153207,0.0330660996,0.0335069225,0.0224886674,0.0393327574,0.0388012477,0.0346808090,0.0277748356,0.0368275170,0.0316109514,0.0316500107,0.0338171522,0.0323052466,0.0370434800,0.0329210962,0.0108148085,0.0108148085,0.0101352988,0.0118295134,0.0108100903,0.0095670960,0.0094482656,0.0109028548,0.0013413944,,,,,,,,,,,,,,,,,,,,,,,,,,,,,,,,,,,
AJ517414_Staphylococcus_nepalensis,0.0287600080,0.0316149602,0.0301832789,0.0239755956,0.0309183012,0.0359954721,0.0292033128,0.0330889606,0.0316739440,0.0338006103,0.0324470201,0.0360359456,0.0216733754,0.0367863295,0.0366163179,0.0353451881,0.0259514435,0.0312821769,0.0301738279,0.0308913353,0.0323795874,0.0323192826,0.0388802034,0.0367667928,0.0187721929,0.0187721929,0.0180829136,0.0176155974,0.0187806486,0.0187963820,0.0187833064,0.0201922398,0.0208772983,0.0202021439,,,,,,,,,,,,,,,,,,,,,,,,,,,,,,,,,,
AB009933_Staphylococcus_arlettae,0.0274215558,0.0281114229,0.0259898311,0.0283939590,0.0280989045,0.0320614354,0.0306402478,0.0281376069,0.0284924317,0.0320805501,0.0302718995,0.0327772918,0.0241837945,0.0321480634,0.0313167826,0.0304216553,0.0235266723,0.0324674246,0.0287876686,0.0295282968,0.0309803774,0.0308815084,0.0349142034,0.0307674029,0.0101267156,0.0101267156,0.0108056447,0.0111199004,0.0114932211,0.0116331819,0.0142484459,0.0157577965,0.0128705588,0.0128544566,0.0152828048,,,,,,,,,,,,,,,,,,,,,,,,,,,,,,,,,
D83361_Staphylococcus_cohnii_subsp._cohnii,0.0228036467,0.0255792040,0.0241756396,0.0261407423,0.0263019416,0.0284755358,0.0283971328,0.0263384950,0.0263411750,0.0299125817,0.0285093479,0.0320313120,0.0241505882,0.0313925014,0.0301908235,0.0299459302,0.0200021711,0.0288551400,0.0241864793,0.0248900334,0.0263401333,0.0262918515,0.0291574659,0.0300053863,0.0109389958,0.0109389958,0.0102516418,0.0118278423,0.0109438274,0.0109453471,0.0123223382,0.0137032100,0.0102352543,0.0095560163,0.0117574218,0.0074983841,,,,,,,,,,,,,,,,,,,,,,,,,,,,,,,,
AB009936_Staphylococcus_urealyticus,0.0218204852,0.0260228120,0.0239089798,0.0239305220,0.0246177164,0.0299334044,0.0261587485,0.0239301911,0.0242308319,0.0277901970,0.0260459740,0.0299040929,0.0216193133,0.0292621693,0.0283124414,0.0275718012,0.0186278060,0.0281240909,0.0232008304,0.0239277351,0.0253591109,0.0252785658,0.0284557729,0.0292998491,0.0087690939,0.0087690939,0.0080916939,0.0097214727,0.0087729123,0.0088820111,0.0101311310,0.0115935172,0.0114959728,0.0101236905,0.0096703831,0.0080883751,0.0020365772,,,,,,,,,,,,,,,,,,,,,,,,,,,,,,,
CP027846_Staphylococcus_kloosii,0.0259516417,0.0290927033,0.0259414394,0.0258471440,0.0262490947,0.0318638023,0.0290546580,0.0255890968,0.0283797232,0.0308227237,0.0301781817,0.0326516478,0.0222774581,0.0347923843,0.0341748334,0.0293127092,0.0213714077,0.0295250421,0.0241819367,0.0244226634,0.0258057512,0.0258117416,0.0348215651,0.0262800447,0.0164551405,0.0163049022,0.0162292888,0.0181829202,0.0150161803,0.0157979080,0.0123974104,0.0138309800,0.0178768737,0.0183650454,0.0222954243,0.0162886558,0.0143970181,0.0121748402,,,,,,,,,,,,,,,,,,,,,,,,,,,,,,
MW186933_Staphylococcus_lloydii,0.0259516417,0.0277199323,0.0245939989,0.0244321549,0.0249850723,0.0318638023,0.0275809481,0.0243239690,0.0269758119,0.0295014519,0.0287857762,0.0326516478,0.0215071105,0.0347923843,0.0326956705,0.0293127092,0.0213714077,0.0295250421,0.0241819367,0.0244226634,0.0258057512,0.0258117416,0.0362408746,0.0262800447,0.0177838006,0.0176674395,0.0175941806,0.0195959533,0.0163544660,0.0171839952,0.0137117536,0.0151786588,0.0192144086,0.0197394747,0.0222954243,0.0162886558,0.0157794800,0.0135371753,0.0012912997,,,,,,,,,,,,,,,,,,,,,,,,,,,,,
MW186934_Staphylococcus_durrellii,0.0259667696,0.0277359387,0.0246079459,0.0244637915,0.0250155455,0.0297809907,0.0260933293,0.0229955709,0.0269917440,0.0295381717,0.0288026326,0.0312580431,0.0215388802,0.0333962122,0.0327159956,0.0279766944,0.0213839641,0.0295427801,0.0241957930,0.0244525647,0.0258374303,0.0258263221,0.0362625105,0.0262955600,0.0164643554,0.0163673491,0.0162386254,0.0181937458,0.0150540171,0.0158071382,0.0124042832,0.0138661342,0.0178869490,0.0183756804,0.0208991093,0.0149292765,0.0144054100,0.0121818363,0.0025874284,0.0025874284,,,,,,,,,,,,,,,,,,,,,,,,,,,,
D83366_Staphylococcus_gallinarum,0.0242032041,0.0262800447,0.0248753672,0.0246319494,0.0255932910,0.0298593515,0.0253752691,0.0234698161,0.0249037427,0.0298770736,0.0284755358,0.0291521633,0.0216129925,0.0299354132,0.0286556102,0.0284943286,0.0234998636,0.0317261664,0.0284024001,0.0291098133,0.0305743464,0.0305181438,0.0327362932,0.0271421303,0.0095608027,0.0095608027,0.0088747180,0.0104243237,0.0095676716,0.0081915953,0.0081915953,0.0095650188,0.0144251277,0.0151278747,0.0174045816,0.0075080998,0.0109535035,0.0088886166,0.0143802638,0.0157610952,0.0129938553,,,,,,,,,,,,,,,,,,,,,,,,,,,
KP716705_Staphylococcus_argensis_{outgroup},0.0606345200,0.0585196855,0.0585196855,0.0449951421,0.0595135268,0.0571858969,0.0507473706,0.0606491175,0.0570733354,0.0561572535,0.0596259172,0.0622576829,0.0514524295,0.0582673364,0.0577600234,0.0597170306,0.0519205507,0.0542010654,0.0575171702,0.0546152233,0.0536197531,0.0575171702,0.0592656346,0.0583787289,0.0577622914,0.0577622914,0.0567540181,0.0534696499,0.0568019501,0.0552847354,0.0606759401,0.0609267586,0.0597675397,0.0607786680,0.0494364428,0.0536343630,0.0470031492,0.0515877943,0.0585337195,0.0575287012,0.0575771248,0.0510560349,,,,,,,,,,,,,,,,,,,,,,,,,,
AF322002_Staphylococcus_pettenkoferi,0.0273727963,0.0277199323,0.0245939989,0.0216279042,0.0250607404,0.0290945938,0.0276069827,0.0257631743,0.0284092908,0.0267979007,0.0274197635,0.0319742133,0.0223585027,0.0305694053,0.0275540719,0.0279850050,0.0241570754,0.0310194481,0.0269611428,0.0264792681,0.0258279416,0.0265319574,0.0334602072,0.0305319158,0.0245213502,0.0244403645,0.0246000016,0.0267697285,0.0231131626,0.0263283769,0.0264329103,0.0279997279,0.0280102048,0.0287807633,0.0294754987,0.0225087179,0.0199662231,0.0197466860,0.0243871911,0.0237198999,0.0237488853,0.0220648351,0.0276873432,,,,,,,,,,,,,,,,,,,,,,,,,
FR821777_Staphylococcus_argenteus,0.0301440638,0.0346780618,0.0321005852,0.0280276970,0.0296388491,0.0346496885,0.0282999801,0.0275597293,0.0290996479,0.0301552306,0.0308975749,0.0312491824,0.0174634735,0.0326746151,0.0327005218,0.0279766944,0.0298033007,0.0309857381,0.0282997734,0.0291378514,0.0278152439,0.0271769197,0.0305362398,0.0376397703,0.0251952968,0.0249635803,0.0252087704,0.0267724946,0.0230090480,0.0249200694,0.0264355660,0.0253102960,0.0273638339,0.0281171981,0.0337647906,0.0316259219,0.0270094753,0.0245940461,0.0289844565,0.0290610292,0.0277235676,0.0284448343,0.0627761812,0.0291864055,,,,,,,,,,,,,,,,,,,,,,,,
L36472_Staphylococcus_aureus_subsp._aureus,0.0308402117,0.0353706154,0.0327808213,0.0287389277,0.0303079381,0.0353416642,0.0282999801,0.0282256002,0.0298033007,0.0308361624,0.0315955473,0.0319552261,0.0190668932,0.0333819823,0.0327005218,0.0286528097,0.0290996479,0.0317016454,0.0276162325,0.0284657650,0.0271435737,0.0265048747,0.0312416007,0.0383507997,0.0245237444,0.0242982818,0.0245186996,0.0260583318,0.0236746060,0.0242190576,0.0257657531,0.0246356360,0.0280410564,0.0274215558,0.0330491653,0.0323250924,0.0263073808,0.0239023278,0.0296534270,0.0297317943,0.0283934682,0.0291492099,0.0627761812,0.0298601161,0.0032219504,,,,,,,,,,,,,,,,,,,,,,,
AY727530_Staphylococcus_simiae,0.0298013108,0.0332637650,0.0325589684,0.0297070787,0.0304601106,0.0347195681,0.0297413828,0.0282915328,0.0290853808,0.0332868317,0.0333992831,0.0319440083,0.0181821361,0.0319253019,0.0315957746,0.0283995240,0.0276803177,0.0316635136,0.0269078910,0.0283082094,0.0283306290,0.0276077978,0.0298125193,0.0391030072,0.0227940471,0.0227940471,0.0221411783,0.0232248021,0.0221052116,0.0214511040,0.0227634565,0.0213654108,0.0270321228,0.0264025921,0.0302151906,0.0299447146,0.0235381513,0.0214340740,0.0269562082,0.0269562082,0.0255402936,0.0235070939,0.0601901459,0.0312123587,0.0061188053,0.0054370065,,,,,,,,,,,,,,,,,,,,,,
D83355_Staphylococcus_aureus_subsp._anaerobius,0.0305160984,0.0340518477,0.0333447839,0.0290620460,0.0312394983,0.0355380975,0.0282957927,0.0290623177,0.0290955359,0.0312611995,0.0312797703,0.0312447539,0.0190641011,0.0327382468,0.0323598860,0.0291777216,0.0283924941,0.0309812854,0.0276747104,0.0290795010,0.0276966772,0.0269730768,0.0305319158,0.0363660655,0.0249053675,0.0249053675,0.0242047778,0.0253410599,0.0242156440,0.0235152406,0.0263273363,0.0249200694,0.0277409702,0.0270563741,0.0323521648,0.0320176573,0.0256021841,0.0234965559,0.0305500284,0.0305500284,0.0291229335,0.0284408100,0.0592535941,0.0305819805,0.0027144659,0.0020351283,0.0047647462,,,,,,,,,,,,,,,,,,,,,
MF678963_Staphylococcus_schweitzeri,0.0318845601,0.0351853913,0.0343657318,0.0287096101,0.0311067395,0.0376574448,0.0286720254,0.0294372643,0.0327122769,0.0335524994,0.0327399456,0.0335590031,0.0210267751,0.0336169534,0.0328081531,0.0311816039,0.0302964868,0.0327569706,0.0311330283,0.0327569706,0.0311615199,0.0311330283,0.0352588634,0.0409806405,0.0246450503,0.0246450503,0.0238401243,0.0238590837,0.0238524215,0.0230477413,0.0262790133,0.0246617684,0.0295328110,0.0287226163,0.0270921544,0.0344374288,0.0270674260,0.0246236314,0.0327686649,0.0327686649,0.0311228868,0.0287086007,0.0549554893,0.0319945381,0.0039072421,0.0023424333,0.0062685567,0.0023420629,,,,,,,,,,,,,,,,,,,,
OD916897_Staphylococcus_roterodami,0.0294443004,0.0339812825,0.0314165374,0.0274090604,0.0292357743,0.0339534940,0.0275597959,0.0271578868,0.0283924941,0.0296095689,0.0301958746,0.0305393251,0.0175581963,0.0319632278,0.0319569323,0.0273519755,0.0276899610,0.0302660102,0.0262469926,0.0272093126,0.0258837530,0.0251587858,0.0298271690,0.0369239995,0.0231789097,0.0231789097,0.0232158150,0.0246280540,0.0225185123,0.0228153444,0.0245376117,0.0233935093,0.0266834556,0.0260281341,0.0316149602,0.0309229171,0.0249012071,0.0225172440,0.0285755453,0.0285755453,0.0272120685,0.0277370477,0.0627761812,0.0286041295,0.0019504542,0.0012998615,0.0040742998,0.0006778028,0.0015607390,,,,,,,,,,,,,,,,,,,
AB009937_Staphylococcus_capitis_subsp._urealyticus,0.0273474091,0.0280642268,0.0266423690,0.0238743617,0.0259427414,0.0298696300,0.0231269846,0.0238624418,0.0255499982,0.0256004307,0.0252657309,0.0269747434,0.0173841067,0.0263309608,0.0267439607,0.0239899944,0.0220420229,0.0280972794,0.0252516763,0.0252861888,0.0239210296,0.0245604342,0.0284506049,0.0292079089,0.0246546105,0.0246546105,0.0239611570,0.0253821225,0.0232785340,0.0256838771,0.0281035638,0.0297652301,0.0303063095,0.0302676502,0.0309946393,0.0274487599,0.0242491979,0.0232443247,0.0259772843,0.0245924639,0.0246067968,0.0270431134,0.0494446398,0.0211243933,0.0149266799,0.0156107062,0.0157961684,0.0137256899,0.0165869641,0.0142411762,,,,,,,,,,,,,,,,,,
L37599_Staphylococcus_capitis_subsp._capitis,0.0285259885,0.0270986592,0.0278075414,0.0254113412,0.0270948211,0.0306788719,0.0246061875,0.0235716290,0.0263748660,0.0263904936,0.0264061400,0.0278082751,0.0191172177,0.0271438158,0.0271561496,0.0250249188,0.0228468871,0.0295623642,0.0263911875,0.0263911875,0.0250039312,0.0256873513,0.0292944934,0.0300155752,0.0250815002,0.0250815002,0.0243758841,0.0261309867,0.0236814787,0.0258066404,0.0285906250,0.0300114898,0.0300832369,0.0307941526,0.0325191619,0.0286336273,0.0250701632,0.0243504200,0.0271315504,0.0257214545,0.0257367160,0.0278791415,0.0469653381,0.0221894958,0.0158785035,0.0165748616,0.0165554167,0.0144852647,0.0181939366,0.0151805192,0.0020471311,,,,,,,,,,,,,,,,,
D83363_Staphylococcus_epidermidis,0.0290805068,0.0290473234,0.0283454758,0.0260432301,0.0276363458,0.0284271012,0.0253119694,0.0255287782,0.0241172660,0.0269729681,0.0269702336,0.0255438105,0.0165238343,0.0234917278,0.0255923811,0.0199843112,0.0234374259,0.0288317276,0.0255667264,0.0255667264,0.0241864307,0.0248667452,0.0270365432,0.0313110243,0.0235281984,0.0235281984,0.0228279126,0.0246531243,0.0221380596,0.0242467219,0.0256047885,0.0270122176,0.0284895379,0.0292153510,0.0295253952,0.0263675955,0.0228176760,0.0221204802,0.0262709146,0.0262709146,0.0248849054,0.0241997950,0.0498899183,0.0227570408,0.0151096603,0.0158021430,0.0144087451,0.0151075518,0.0165869641,0.0144156642,0.0054471764,0.0061589770,,,,,,,,,,,,,,,,
AB646616_Staphylococcus_saccharolyticus,0.0287393366,0.0290995934,0.0283428256,0.0264335505,0.0276506316,0.0315584937,0.0253275913,0.0255933087,0.0269357121,0.0259499627,0.0266541937,0.0283629618,0.0195722262,0.0276641029,0.0282150931,0.0257284743,0.0234236637,0.0302422386,0.0269674075,0.0270038166,0.0256553784,0.0262839572,0.0298436462,0.0318853185,0.0263835749,0.0263835749,0.0253347423,0.0275318004,0.0250238087,0.0270769470,0.0297919292,0.0314495752,0.0319758170,0.0316707526,0.0338195616,0.0288459911,0.0256393439,0.0246327151,0.0276870230,0.0263178371,0.0263329980,0.0284348981,0.0514462292,0.0228876123,0.0167572259,0.0174336280,0.0171373701,0.0164854889,0.0189831105,0.0160791077,0.0040307933,0.0047841214,0.0054442212,,,,,,,,,,,,,,,
AB009935_Staphylococcus_caprae,0.0266697463,0.0273859287,0.0259650886,0.0238890946,0.0252657309,0.0291816920,0.0231412380,0.0231858655,0.0248651258,0.0249142145,0.0245884080,0.0262890884,0.0173963559,0.0256438960,0.0260273501,0.0233098194,0.0213580518,0.0281141382,0.0245747296,0.0246083246,0.0232428065,0.0238835698,0.0277630426,0.0299320038,0.0239751496,0.0239751496,0.0232817805,0.0253973955,0.0225989404,0.0249954145,0.0274243095,0.0290796629,0.0296242518,0.0295864579,0.0317298994,0.0267685844,0.0235617217,0.0225657302,0.0252993718,0.0239147169,0.0239286548,0.0263557201,0.0504819352,0.0204475341,0.0142513516,0.0149352920,0.0151127742,0.0144255661,0.0165981124,0.0135660272,0.0020141480,0.0013634809,0.0047673333,0.0033597267,,,,,,,,,,,,,,
AB009944_Staphylococcus_pasteuri,0.0266596393,0.0266778750,0.0245647944,0.0238932696,0.0252734162,0.0298531245,0.0246177490,0.0231770935,0.0255765275,0.0270131795,0.0252846267,0.0298239708,0.0173841067,0.0249459391,0.0252992053,0.0226230132,0.0206893409,0.0331607055,0.0287668104,0.0288062694,0.0288289296,0.0294622990,0.0320367196,0.0327687686,0.0176723308,0.0176723308,0.0183585699,0.0181897334,0.0176801098,0.0199917045,0.0224888246,0.0240856812,0.0246261645,0.0245949946,0.0244901955,0.0204315412,0.0199738633,0.0176543554,0.0210943132,0.0197193539,0.0211065448,0.0213697767,0.0575909340,0.0245486762,0.0197399771,0.0204279444,0.0192993257,0.0199820244,0.0197822582,0.0190498627,0.0135563481,0.0158740485,0.0137157811,0.0162929695,0.0142474228,,,,,,,,,,,,,
L37603_Staphylococcus_warneri,0.0263904936,0.0242627955,0.0242627955,0.0239539456,0.0249823900,0.0285130966,0.0246088105,0.0228533310,0.0242652746,0.0277910501,0.0264088333,0.0285248414,0.0166150738,0.0250274790,0.0263915828,0.0236198712,0.0172754885,0.0309986569,0.0264143177,0.0264143177,0.0264353892,0.0271192961,0.0307390038,0.0292923607,0.0179828625,0.0179828625,0.0172849524,0.0189148871,0.0179909183,0.0172926907,0.0186562021,0.0200554637,0.0229121318,0.0222097449,0.0252949013,0.0221934852,0.0186781671,0.0165703979,0.0193415603,0.0193415603,0.0193529387,0.0186535804,0.0550633548,0.0256579752,0.0207816990,0.0200816939,0.0172640035,0.0193794665,0.0197979232,0.0186805747,0.0158637486,0.0165806153,0.0130764813,0.0172580705,0.0151774451,0.0054697065,,,,,,,,,,,,
FJ389206_Staphylococcus_devriesei,0.0273651601,0.0263382187,0.0239145066,0.0267555897,0.0265602528,0.0256365104,0.0268117327,0.0251945996,0.0255739288,0.0289877814,0.0280824744,0.0305341919,0.0184287993,0.0270067335,0.0297537137,0.0226680757,0.0213624142,0.0302711702,0.0248875073,0.0245898008,0.0252824577,0.0252296329,0.0291664973,0.0340826944,0.0172279583,0.0178950223,0.0190959947,0.0189633096,0.0179027038,0.0200477224,0.0225919459,0.0234728311,0.0205947508,0.0211590949,0.0237876376,0.0170103167,0.0151127067,0.0163218281,0.0225597312,0.0225597312,0.0198667903,0.0200090613,0.0586229473,0.0252445607,0.0218515575,0.0225215320,0.0185465641,0.0220572257,0.0246109455,0.0205122524,0.0176759177,0.0186779460,0.0144092688,0.0194768104,0.0169998563,0.0128744232,0.0151847778,,,,,,,,,,,
MT671558_Staphylococcus_caledonicus,0.0333332478,0.0305856719,0.0296227438,0.0330969327,0.0314591225,0.0292134250,0.0318565656,0.0296054667,0.0310479990,0.0357779946,0.0323731710,0.0338688212,0.0234042285,0.0292670791,0.0306231159,0.0261508747,0.0227022432,0.0303750410,0.0259690855,0.0251068051,0.0260424688,0.0268771572,0.0283192844,0.0358867398,0.0169746226,0.0169746226,0.0178763956,0.0183495654,0.0178899994,0.0200238223,0.0233082834,0.0254260678,0.0215144120,0.0214787581,0.0249018985,0.0160429769,0.0144627453,0.0160308293,0.0241739266,0.0241739266,0.0205384504,0.0199730132,0.0543269969,0.0296638131,0.0259492629,0.0250381849,0.0217827100,0.0254477666,0.0271137435,0.0250381849,0.0205160802,0.0218440286,0.0171920059,0.0214219644,0.0205316745,0.0142122966,0.0172130739,0.0017605399,,,,,,,,,,
AB009941_Staphylococcus_lugdunensis,0.0252551885,0.0245520320,0.0231423024,0.0238602972,0.0238314317,0.0249107019,0.0253201239,0.0238591283,0.0234463952,0.0255896062,0.0238663692,0.0248692740,0.0165463491,0.0221159434,0.0274900813,0.0212148695,0.0157805234,0.0302786241,0.0252846267,0.0253192299,0.0253391189,0.0259772843,0.0313178113,0.0327687686,0.0163568046,0.0163568046,0.0170444297,0.0175450186,0.0177403787,0.0186637780,0.0204712952,0.0220504764,0.0232938818,0.0218801695,0.0224227444,0.0190986755,0.0172330923,0.0163401299,0.0211273237,0.0211273237,0.0197616389,0.0207229419,0.0595540613,0.0259628150,0.0232069902,0.0225163876,0.0179017373,0.0220944563,0.0246196472,0.0211337271,0.0176453041,0.0186450190,0.0150869002,0.0190187526,0.0169704136,0.0128721943,0.0130841296,0.0101420497,0.0106436343,,,,,,,,,
JN092118_Staphylococcus_petrasii_subsp._jettensis,0.0254647621,0.0261697811,0.0268908959,0.0253075252,0.0261660090,0.0263384959,0.0216892458,0.0225546750,0.0248236243,0.0255941461,0.0254647621,0.0270141090,0.0179387517,0.0227390095,0.0240779727,0.0190530602,0.0212544567,0.0301720271,0.0269280246,0.0269280246,0.0255125680,0.0262096698,0.0263901457,0.0300544437,0.0140712800,0.0140712800,0.0147802918,0.0149576708,0.0140776832,0.0162807654,0.0204982963,0.0219469014,0.0219408560,0.0226570309,0.0244565019,0.0197750781,0.0176984906,0.0154779437,0.0197598367,0.0211869113,0.0197479732,0.0176959430,0.0548274518,0.0247901813,0.0161460701,0.0161460701,0.0155265474,0.0155014556,0.0157855898,0.0154362012,0.0154502244,0.0162710335,0.0133770190,0.0175789501,0.0154594531,0.0133286894,0.0155529607,0.0112051528,0.0116570586,0.0112086287,,,,,,,,
JX139845_Staphylococcus_petrasii_subsp._petrasii,0.0263035757,0.0269226785,0.0262228872,0.0238096218,0.0255164262,0.0255562655,0.0216423082,0.0219965713,0.0241555083,0.0248349632,0.0249011440,0.0262853819,0.0164857451,0.0213675935,0.0234077056,0.0178864145,0.0213801457,0.0295813591,0.0262618832,0.0262618832,0.0248814011,0.0255615333,0.0277920411,0.0305679588,0.0151069322,0.0151069322,0.0158319179,0.0160961573,0.0151136440,0.0172335345,0.0213837008,0.0227829629,0.0227925761,0.0235568662,0.0237725252,0.0193380556,0.0186142656,0.0165251865,0.0206616293,0.0206616293,0.0192590084,0.0186116557,0.0520718914,0.0241738077,0.0164386937,0.0171297707,0.0157598780,0.0164702416,0.0165425212,0.0157459197,0.0151106648,0.0158669644,0.0123298959,0.0164532770,0.0144270546,0.0130360720,0.0151774451,0.0109296200,0.0117201101,0.0109628886,0.0006976620,,,,,,,
KM873669_Staphylococcus_pragensis,0.0234649991,0.0261830698,0.0254848593,0.0238526658,0.0247801985,0.0262709146,0.0216814111,0.0219890190,0.0241805636,0.0248778977,0.0248925668,0.0263127289,0.0198449245,0.0214044760,0.0233991657,0.0199677316,0.0220746928,0.0296336263,0.0262528579,0.0262528579,0.0248728372,0.0255527453,0.0249729068,0.0292080749,0.0143953067,0.0143953067,0.0151173123,0.0154014541,0.0144016897,0.0165382194,0.0206579389,0.0220541412,0.0206453007,0.0214000960,0.0223701934,0.0179165368,0.0144275798,0.0137303636,0.0227477656,0.0241438546,0.0213411692,0.0172383669,0.0520576466,0.0227413811,0.0157265765,0.0164162069,0.0150795948,0.0143959725,0.0157607126,0.0150353502,0.0157999366,0.0165937362,0.0144171507,0.0185260738,0.0165024623,0.0164928191,0.0186954359,0.0122878136,0.0126145151,0.0116362942,0.0034926522,0.0047601930,,,,,,
AY953148_Staphylococcus_croceilyticus,0.0245949385,0.0284366941,0.0259897758,0.0245056722,0.0250573732,0.0256884997,0.0231477495,0.0223828738,0.0255844041,0.0254723244,0.0260102329,0.0277216178,0.0191178056,0.0228051192,0.0253450424,0.0198963147,0.0227759448,0.0310722002,0.0270049677,0.0265567534,0.0252305822,0.0259182357,0.0263832150,0.0305617777,0.0145091775,0.0144425067,0.0156063370,0.0161074293,0.0144486395,0.0172335345,0.0204391169,0.0220080861,0.0212877247,0.0218569198,0.0237891580,0.0191006150,0.0158152167,0.0149520061,0.0217722712,0.0231077734,0.0210933633,0.0186335156,0.0557185333,0.0231505122,0.0157174512,0.0163779500,0.0157706835,0.0150869002,0.0165555616,0.0151246986,0.0163134602,0.0172914001,0.0151091081,0.0194872348,0.0170090701,0.0163134602,0.0186954359,0.0131755171,0.0133296771,0.0121916354,0.0020882326,0.0033977234,0.0006768853,,,,,
X66100_Staphylococcus_haemolyticus,0.0288826119,0.0334431484,0.0308765497,0.0295367194,0.0312441902,0.0319897373,0.0291287949,0.0285091664,0.0277776588,0.0309430974,0.0310199826,0.0334798727,0.0240043802,0.0292214509,0.0321157092,0.0253738840,0.0256785576,0.0340536781,0.0305670641,0.0293197060,0.0286652235,0.0293980641,0.0300013032,0.0363410497,0.0159137122,0.0158401928,0.0171044250,0.0168861175,0.0172021805,0.0180051474,0.0205530254,0.0213395114,0.0254820162,0.0247908102,0.0260282762,0.0247949337,0.0179890173,0.0177938797,0.0245328185,0.0259112977,0.0232236375,0.0207896800,0.0621147671,0.0293136142,0.0224568045,0.0217887750,0.0193000525,0.0214266665,0.0222561623,0.0205462325,0.0226049440,0.0229644097,0.0186354319,0.0243592503,0.0219248722,0.0198364748,0.0201592262,0.0119017927,0.0134087686,0.0150065332,0.0105436888,0.0116549923,0.0109504600,0.0118415222,,,,
MT586030_Staphylococcus_borealis,0.0224766096,0.0270413715,0.0246036883,0.0237352485,0.0249948084,0.0277161113,0.0231093497,0.0223051000,0.0220459584,0.0254161335,0.0245781477,0.0276775137,0.0174843188,0.0234674249,0.0260357352,0.0191845101,0.0220594763,0.0310173305,0.0269594137,0.0264951412,0.0258434352,0.0258580518,0.0256350521,0.0319231480,0.0111760964,0.0111103633,0.0121655958,0.0125721510,0.0111150545,0.0137505875,0.0157452332,0.0172525780,0.0192654363,0.0197933405,0.0216480561,0.0184181304,0.0151273212,0.0128887997,0.0183701281,0.0196958088,0.0170367665,0.0151252077,0.0586465183,0.0244612830,0.0163394879,0.0169988738,0.0150559279,0.0171556689,0.0173429505,0.0157711890,0.0176579351,0.0186586041,0.0143944903,0.0194572231,0.0169825617,0.0135504115,0.0158730561,0.0078711400,0.0070719962,0.0101420497,0.0048776201,0.0061221234,0.0054325663,0.0058552856,0.0058866365,,,
AB233326_Staphylococcus_hominis_subsp._novobiosepticus,0.0309484902,0.0309484902,0.0316680620,0.0285244757,0.0309440482,0.0338827360,0.0282824589,0.0295115554,0.0259313603,0.0309484902,0.0309671028,0.0323985596,0.0183904241,0.0281409823,0.0295548442,0.0245745506,0.0252406213,0.0331688733,0.0309910255,0.0309910255,0.0302999593,0.0302755192,0.0317936554,0.0353455937,0.0203330152,0.0203330152,0.0210418904,0.0196542590,0.0203422568,0.0224778614,0.0253090602,0.0267386588,0.0267746526,0.0274894105,0.0262525102,0.0238962861,0.0224574031,0.0203116620,0.0238493723,0.0245598470,0.0245745506,0.0238819771,0.0520898897,0.0273702159,0.0245381493,0.0252485044,0.0224006231,0.0245346449,0.0254071772,0.0238249137,0.0195253892,0.0209624058,0.0167017904,0.0216441332,0.0195369857,0.0160262328,0.0188593888,0.0132238601,0.0136635099,0.0146178495,0.0106172680,0.0111090456,0.0139326546,0.0139326546,0.0153864795,0.0097133596,,
X66101_Staphylococcus_hominis_subsp._hominis,0.0281431207,0.0298941313,0.0273974963,0.0258950653,0.0264477298,0.0298679237,0.0261234786,0.0251045969,0.0227846736,0.0267699238,0.0274468447,0.0291400256,0.0166779729,0.0249149287,0.0268467844,0.0205879180,0.0228018872,0.0317888259,0.0277262557,0.0271929859,0.0265407120,0.0266087404,0.0292406141,0.0326937803,0.0172273427,0.0171478123,0.0184589353,0.0189892556,0.0171778024,0.0200747151,0.0218630936,0.0233311344,0.0240825869,0.0247472131,0.0259814985,0.0212504172,0.0200567248,0.0177628545,0.0204540997,0.0211491240,0.0211750373,0.0214585277,0.0536634129,0.0237956861,0.0211036735,0.0217706774,0.0199792232,0.0221066114,0.0246548169,0.0205291086,0.0176933321,0.0186708037,0.0144038398,0.0194957464,0.0170166152,0.0142799094,0.0166018372,0.0105557060,0.0115858049,0.0122235008,0.0084047331,0.0088843863,0.0116322732,0.0111735727,0.0111728439,0.0071976225,0.0034550182,
